budget,result_q1,result_q2,result_q3,result_q4,sens _q1,sens_q2,sens_q3,sens_q4
0.1,1.7712656941739346,9800.436372416507,1.9508705815575018,11691.109093104127,4.5636285693984036e-05,4,4.19586378328507e-05,1
1.0,1.7710969228017759,9785.64363724165,1.950715410803062,11687.410909310413,4.5636285693984036e-05,4,4.19586378328507e-05,1
10.0,1.77108004566456,9784.164363724165,1.950699893727618,11687.041090931041,4.5636285693984036e-05,4,4.19586378328507e-05,1
