budget,result_q1,result_q2,result_q3,result_q4,sens _q1,sens_q2,sens_q3,sens_q4
0.1,1.7518063693684789,2016.8041217009759,1.9597220144408145,2378.793227426411,0.00022482248224831025,4,0.0002040304030401785,1
1.0,1.751821776645695,2019.0717177142353,1.959901122054788,2378.373824842768,0.00022482248224831025,4,0.0002040304030401785,1
10.0,1.7521648946835766,2021.0607258346088,1.9600418191900488,2378.968384923788,0.00022482248224831025,4,0.0002040304030401785,1
